वर्गहरू,मुख्य समाचार,विवरण,तस्बिरको लिंक
होमपेज,"मध्यपूर्वमा तनाव : तेलको मूल्य आकासियो, प्रतिब्यारेल १०० डलर नाघ्यो","२८ फागुन, काठमाडौं । मध्यपूर्व (खाडी क्षेत्र) मा थप तीन मालवाहक पानीजहाजमाथि आक्रमण भएपछि बिहीबार विश्वव्यापी तेलको मूल्यमा व्यापक वृद्धि भएको छ । एसियाली बजारमा ब्रेन्ट कच्चा तेलको मूल्य प्रतिब्यारेल १ सय अमेरिकी डलर नाघेको छ, जसले विश्व अर्थतन्त्रमा नयाँ चुनौती थपेको छ । यो मूल्यवृद्धि अमेरिका–इजरायल र इरानबीच जारी तनावको प्रत्यक्ष परिणाम हो । ऊर्जा ढुवानीका लागि विश्वकै सबैभन्दा महत्त्वपूर्ण जलमार्ग ‘हर्मुज स्ट्रेट’ आक्रमणको डरले लगभग बन्द छ । इरानको रिभोलुसनरी गार्ड्स (आईआरजीसी) ले अमेरिका र उसका सहयोगीहरूसँग सम्बन्धित कुनै पनि जहाजलाई निशाना बनाउने चेतावनी दिँदै तेलको मूल्य प्रतिब्यारेल २ सय डलरसम्म पुग्न सक्ने चेतावनी दिएको छ । बढ्दो मूल्य नियन्त्रण गर्न अन्तर्राष्ट्रिय ऊर्जा एजेन्सी (आईईए) ले आफ्नो आपतकालीन भण्डारबाट ४० करोड ब्यारेल तेल बजार पठाउने घोषणा गरे पनि बजारमा देखिएको त्रास कम हुन सकेको छैन । विज्ञहरूले यसलाई केवल ‘अस्थायी राहत’ भनेका छन् र जबसम्म आपूर्तिमाथिको खतरा रहन्छ, मूल्य उच्च नै रहने बताएका छन् । तेलको मूल्यवृद्धिको असर विश्वभरि देखिन थालेको छ । अमेरिकामा पेट्रोलको मूल्य बढेको छ भने फिलिपिन्स, थाइल्यान्ड जस्ता एसियाली देशमा इन्धन भर्नेहरूको लामो लाइन लागेको छ । ऊर्जा संकट ध्यानमा राख्दै केही देशले सरकारी कामकाजको समय घटाउने र घरबाट काम गर्नेजस्ता उपाय अपनाउन थालेका छन् ।",https://www.onlinekhabar.com/wp-content/uploads/2022/01/crude-oil-price-high.jpg
समाचार,अस्पतालमा ओली पिताप्रति श्रद्धाञ्जली (तस्वीरहरु),"काठमाडौं । पूर्वप्रधानमन्त्री एवं नेकपा एमालेका अध्यक्ष केपी शर्मा ओलीका बुवा मोहनप्रसादप्रति श्रद्धाञ्जली अर्पण गर्नेहरुको भिड लागेको छ । अध्यक्ष ओलीले पनि बुवाप्रति श्रद्धाञ्जली अर्पण गरेका छन् । भक्तपुरको गठ्ठाघरस्थित नेपाल–कोरिया मैत्री अस्पतालमा मोहनप्रसादको पार्थिव शरीर राखिएको छ । त्यहाँ पुगेर श्रद्धाञ्जली अर्पण गर्ने आफन्त, नातेदार र पार्टी नेता–कार्यकर्ताहरुको भिड छ । अध्यक्ष ओलीका बुवा मोहन प्रसाद ओलीको ९७ वर्षको उमेरमा आज बिहान नेपाल–कोरिया मैत्री अस्पतालमा निधन भएको थियो । मोहनप्रसाद गठ्ठाघरस्थित छोरीको निवासमा बस्दै आएका थिए । गएराति अप्ठ्यारो महसुस भएपछि उनलाई अस्पताल पुर्याइएको थियो । अस्पतालमा उपचारको क्रममा उनको निधन भएको एमाले अध्यक्ष ओलीको सचिवालयले जनाएको छ । गत भदौ २३ र २४ को जेनजी आन्दोलनको क्रममा मोहन प्रसादको झापास्थित घरमा पनि आगजनी भएको थियो । त्यसयता उनी झापा गएका थिएनन् । त्यसअघिसम्म उनी झापास्थित घरमा आउजाउ गरिरहन्थे ।",https://www.onlinekhabar.com/wp-content/uploads/2026/03/Mohan-Prasad-Oli-and-KP-Sharma-Oli-3.jpg
बिजनेस,कतार एयरवेजद्वारा पाँच दिनमा १४० भन्दा बढी उडानको घोषणा,"२९ फागुन, काठमाडौं । कतार एयरवेजले मार्च १३ देखि मार्च १७ को बीचमा सञ्चालन गर्ने गरी कम्तीमा १४३ उडानहरूको घोषणा गरेको छ। युद्धका बीच कतारको हवाई क्षेत्र आधिकारिक रूपमा बन्द छ, तर यस राष्ट्रिय ध्वजावाहक विमान सेवाले गत साताको अन्त्यदेखि दोहामा फसेकाहरूलाई घर फर्कन र देश बाहिर फसेका कतारका बासिन्दाहरूलाई कतार फिर्ता ल्याउन मद्दत गर्ने उद्देश्यले विशेष उडानहरू सञ्चालन गरिरहेको छ। अलजजिराका अनुसार, शुक्रबार बिहानै कतार एयरवेजले मार्च १७ सम्मको आफ्नो उडान तालिका सार्वजनिक गरेको हो । यी उडानहरूमा काठमाडौंबाट प्रस्थान गर्ने र काठमाडौं आइपुग्ने कुनै उडानहरू समावेश छैनन् ।",https://www.onlinekhabar.com/wp-content/uploads/2026/03/Qatar_Airways_Airbus_A350-1000_A7-ANA-1024x683.jpg
जीवनशैली,‘काठमाडौं पिंककेयरथन २०२६’ को तयारी पूरा,"२८ फागुन, काठमाडौं । लेजरपोर्ट नेपालको आयोजनामा काठमाडौं पिंककेयरथन यही फागुन ३० गते जावलाखेल फुटबल ग्राउण्डमा आयोजना हुने भएको छ । कार्यक्रमको सम्पूर्ण तयारी पूरा भएको आयोजकले जानकारी दिएका छन् । आयोजकका अनुसार महिलाहरूलाई स्वास्थ्य र जीवनशैलीप्रति सचेत बनाउन तथा फिटनेसप्रति प्रेरित गर्ने उद्देश्यले कार्यक्रम आयोजना गर्न लागिएको हो । बिहान ६ बजेदेखि जुम्बा सत्रबाट कार्यक्रम सुरु हुनेछ । त्यसपछि म्याराथन प्रतियोगिता सञ्चालन गरिनेछ । आयोजक लेजरपोर्ट नेपालका अध्यक्ष नमराज जोशिका अनुसार प्रतियोगितामा २१.१ किलोमिटर हाफ म्याराथन, १० किलोमिटर दौड साथै ५ किलोमिटर र ३ किलोमिटर फन रन समावेश गरिएको छ । यस वर्ष ओलम्पियन धाविका सन्तोषी श्रेष्ठ २१ किलोमिटर हाफ म्याराथनमा सहभागी हुनेभएकी छिन् । साथै अन्य व्यावसायिक धावकहरू पनि प्रतियोगितामा सहभागी हुने आयोजकले जानकारी दिएका छन् । हाफ म्याराथनतर्फका विजेताहरूलाई क्रमशः ५१ हजार, ३१ हजार र २१ हजार रुपैयाँ पुरस्कार प्रदान गरिनेछ भने १० किलोमिटर दौडका विजेताहरूलाई ३१ हजार, २१ हजार र ११ हजार रुपैयाँ पुरस्कार प्रदान गरिनेछ । अन्य विभिन्न विधामा पनि नगदसहित पुरस्कार वितरण गरिने आयोजकले जनाएको छ । कार्यक्रममा मुम्बईबाट आएका गायक जनिष्ट जोशि सांगीतिक प्रस्तुति दिनेछन् । अध्यक्ष नमराज जोशिका अनुसार सन् २०१७ देखि सञ्चालन हुँदै आएको यस कार्यक्रममा यस वर्ष करिब १ हजार ५०० भन्दा बढी सहभागी रहने अपेक्षा गरिएको छ। कार्यक्रमको सम्पूर्ण तयारी पूरा भएको आयोजकले जनाएको छ।",https://www.onlinekhabar.com/wp-content/uploads/2026/03/pinkcareathan-1024x557.jpg
मनोरञ्जन,‘के-पप डेमन हन्टर्स’ को दोस्रो श्रृंखला ल्याउने नेटफ्ल्क्सिको घोषणा,"बीबीसी । नेटफ्लिक्सले प्लेटफर्ममा अहिलेसम्म सबैभन्दा धेरै हेरिएको फिल्म ‘के-पप डेमन हन्टर्स’ को सिक्वेल बनाउने घोषणा गरेको छ ।
यस सिक्वेल कहिले रिलिज हुनेछ भन्ने मिति भने अझै तय गरिएको छैन । सह-निर्देशक म्यागी काङ र क्रिस एपेलहन्सले नेटफ्लिक्ससँग गरेको नयाँ बहुवर्षीय विशेष सम्झौताअन्तर्गत बन्ने यो पहिलो प्रोजेक्ट हुनेछ ।
यसैबीच, समीक्षकले यस फिल्मले नेपाली समयानुसार सोमबार हुने अस्क अवार्डमा सफलता हात पार्ने अनुमान गरेका छन् । उक्त फिल्म उत्कृष्ट एनिमेटेड फिल्म र उत्कृष्ट मौलिक गीत गरी दुई विधामा मनोनयनमा परेको छ ।
फिल्मको गीत ‘गोल्डेन’ले ग्रामी अवार्डमा ‘दृश्य माध्यमका लागि लेखिएको उत्कृष्ट गीत’ विधामा पुरस्कार जितिसकेको छ । प्रतिष्ठित ग्रामी अवार्डमा कुनै के-पप गीतले पहिलोपटक यस्तो सम्मान पाएको हो ।
मूल फिल्मको कथा के-पप समूह ‘हुन्ट्र/एक्स’का मुख्य पात्र रुमी, मिरा र जोई वरिपरि घुम्छ । उनीहरू एकातिर प्रसिद्धि र चर्चासँग जुधिरहेका हुन्छन् भने अर्कोतिर गुप्त रूपमा राक्षस सिकार गर्ने आफ्नो जीवन पनि सम्हालिरहेका हुन्छन् ।
नेटफ्लिक्सले सामाजिक सञ्जालमार्फत पहिलोपटक गरेको घोषणामा निर्देशक म्यागी काङले भनिन्, ‘एक कोरियाली फिल्ममेकरका रूपमा दर्शकले यो कोरियाली कथा र पात्रलाई अझ धेरै हेर्न चाहेकोमा म अत्यन्त गर्व महसुस गर्छु ।’
उनले थपिन्, ‘हामीले निर्माण गरेको यो संसारमा अझ धेरै कुरा बाँकी छन् र म ती सबै दर्शकलाई देखाउन उत्साहित छु । यो त केवल सुरुआत मात्र हो ।’
गत महिना बीबीसीसँगको अन्तर्वार्तामा गायक एजाएले सिक्वेलमा केही नयाँ शैलीका संगीत समेट्ने आशा व्यक्त गरेकी छन् । उनले फिल्ममा रुमीको गायन आवाज दिएकी छन् र फिल्मको चर्चित गीत ‘गोल्डेन’ सहित अन्य गीत लेखनमा पनि सहभागी छिन् ।
एजाएले भनिन्, ‘उनीहरूले के सिर्जना गर्छन् भन्ने कुरामा भर पर्छ, तर आशा छ हामीले कोरियाको अझ धेरै पक्ष देखाउन सक्नेछौं । कोरियामा विभिन्न प्रकारका संगीत छन्, त्यसैले व्यक्तिगत रूपमा म त्यही देखाउन चाहन्छु ।’
उनका अनुसार एनिमेसन र त्यसका गीतहरूले पाएको प्रतिक्रिया अविश्वसनीय लागेको छ । ‘धेरै कुरा एकैपटक भइरहेका छन् । म सबै कुरा बुझ्ने प्रयास गरिरहेकी छु, तर त्यसलाई आत्मसात् गर्न निकै गाह्रो भइरहेको छ’ उनले भनिन्, ‘यो साँच्चै अविश्वसनीय छ ।’
‘गोल्डेन’ गीतका दक्षिण कोरियाली संगीत निर्माता झुनले पनि पहिलो फिल्मको सफलतालाई अघि बढाउने आशा व्यक्त गरेका छन् । बीबीसीसँग कुरा गर्दै उनले अनुवादकमार्फत भने, “पहिलो फिल्ममा हामीले ल्याएको उच्च ऊर्जा र उत्साहलाई निरन्तरता दिन चाहन्छु ।’
उनले फिल्मका दृश्यात्मक पक्षसँग संगीतको संयोजनले निकै ऊर्जा दिएको उल्लेख गर्दै सिक्वेलमा पनि त्यसलाई अझ विस्तार गर्ने अपेक्षा व्यक्त गरे । नेटफ्लिक्सले भने सिक्वेलबारे थप विवरण सार्वजनिक गरेको छैन । मूल फिल्मको निर्माण प्रारम्भिक प्रस्तावदेखि प्रदर्शनसम्म आइपुग्दा करिब सात वर्ष लागेको थियो ।
गत अक्टोबरमा निर्देशक म्यागी काङले बीबीसीसँग कुरा गर्दै यी पात्रहरू र उनीहरूको संसारलाई अझ धेरै विस्तार गर्न सकिने बताएकी थिइन् ।
“यी पात्र र संसारसँग अझ धेरै गर्न सकिने सम्भावना छ,” उनले भनेकी थिइन्, “जे भए पनि सिक्वेल त्यस्तो कथा हुनेछ, जुन वास्तवमै यसको योग्य हुनेछ र दर्शकले पनि हेर्न चाहनेछन् ।’ फेब्रुअरीमा ‘के-पप डेमन हन्टर्स’ का गीतकार मार्क सोनेनब्लिकले सिक्वेलको काम प्रक्रिया अघि बढिरहेको बताएका थिए ।
उनले भने, ‘गीत लेख्न गहिराइमा जानुअघि एउटा पूरा विकास प्रक्रिया हुनेछ । कथा जसरी अगाडि बढ्छ, संगीत पनि त्यसैअनुसार आउनेछ, र यदि हामी सबैका लागि फेरि यसमा काम गर्नु उपयुक्त ठानियो भने त्यो प्रक्रिया अघि बढ्नेछ ।’
गत गर्मीयामदेखि प्रदर्शनमा आएको ‘के-पप डेमन हन्टर्स’ सांस्कृतिक रूपमा ठूलो प्रभाव पार्ने फिल्म बनेको छ । के–पपसँग सम्बन्धित फिल्म पश्चिमी मुख्यधारका बजार, विशेषगरी अमेरिकामा, यसरी व्यापक रूपमा सफल हुनु दुर्लभ मानिन्छ ।
मुख्य रूपमा अंग्रेजी भाषामा बनेको भए पनि यो अमेरिकी निर्माणले दक्षिण कोरियाली पहिचान देखाउन एसियाली प्रतीक, परिकार र केही कोरियाली भाषा पनि समेटेको छ । ‘के–पप डेमन हन्टर्स’ समीक्षक र पुरस्कार दुवै दृष्टिले निकै सफल बनेको छ । यसले गोल्डेन ग्लोब अवार्डमा उत्कृष्ट एनिमेटेड चलचित्र र उत्कृष्ट मौलिक गीतको पुरस्कार जितिसकेको छ ।
अहिले यो फिल्म अस्कर अवार्डमा उत्कृष्ट एनिमेटेड फिल्मको प्रतिस्पर्धामा पनि रहेको छ, जहाँ डिज्नीका ‘जुटोपिया २’ र ‘एलियो’ जस्ता फिल्मसँग प्रतिस्पर्धा गर्दैछ । गत जनवरीमा नेटफ्लिक्सले ‘के–पप डेमन हन्टर्स’ले आफ्नो प्लेटफर्ममा कीर्तिमान बनाएको जनाएको थियो । करिब ६ महिनामा यो फिल्म ४८ करोडभन्दा बढी पटक हेरिएको बताइएको छ ।
फिल्मको सबैभन्दा चर्चित गीत ‘गोल्डेन’ बिलबोर्ड हट १०० चार्टमा पहिलो स्थानसम्म पुगेको थियो ।",https://www.onlinekhabar.com/wp-content/uploads/2026/03/kpop_demon_hunters.jpg
विचार,जनताको अदालतले किन गर्यो निर्मम फैसला ?,"लोकतान्त्रिक राजनीतिक इतिहासको एउटा रोचक सत्य के हो भने कुनै समय अत्यन्त शक्तिशाली देखिएका राजनीतिक दलहरू पनि अचानक मतदाताको कठोर निर्णयका कारण कमजोर वा लगभग समाप्त हुन सक्छन्। राजनीतिक शक्ति स्थायी हुँदैन, जनताको विश्वास नै यसको आधार हो। जब कुनै दलले आफ्नो सिद्धान्त, नीति र व्यवहारबीच सन्तुलन कायम गर्न सक्दैन, तब जनताले त्यसलाई अस्वीकार गर्न सक्छन्। संसारका धेरै देशहरूमा यस्ता घटनाहरू भएका छन्, जसले लोकतन्त्रको चरित्रलाई अझ स्पष्ट बनाएका छन्। क्यानडाको सन् १९९३ को चुनाव, भारतको १९७७ को चुनाव, पश्चिम बंगालको सन् २०११ को परिवर्तन र बङ्गलादेशका चुनावी उतारचढाव यसका महत्त्वपूर्ण उदाहरण हुन्। यस्ता घटनाहरूलाई हेर्दा नेपालको वर्तमान राजनीतिक परिस्थिति पनि गम्भीर रूपमा विश्लेषण गर्नुपर्ने आवश्यकता देखिन्छ। संसारको चुनावी इतिहासमा सबैभन्दा ठूलो हारको उदाहरण क्यानडाको सन् १९९३ को संसदीय चुनावलाई मानिन्छ। त्यतिबेला सत्तारूढ दल द प्रोग्रेसिभ कन्जरभेटिभ पार्टी अफ क्यानडा (पीसीसी) संसद्‌मा अत्यन्त बलियो अवस्थामा थियो। यस दलले केही वर्षअघि मात्रै विशाल बहुमतसहित सरकार बनाएको थियो। सन् १९८४ को चुनावमा यसले ५० प्रतिशतभन्दा बढी मत ल्याएर संसद्‌का २८२ मध्ये २११ सिट जितेको थियो, जुन लगभग दुईतिहाइ बहुमत थियो। त्यसपछि सन् १९८८ को चुनावमा पनि यसले ४३ प्रतिशत मत ल्याएर २९५ मध्ये १६९ सिट जितेको थियो। यसले देखाउँछ कि उक्त दल क्यानडाको राजनीतिमा अत्यन्त शक्तिशाली अवस्थामा थियो। तर इतिहासले कहिलेकाहीँ अप्रत्याशित मोड लिन्छ। सन् १९९३ मा नेतृत्व परिवर्तन गर्दै ४६ वर्षीया किम क्याम्पबेललाई प्रधानमन्त्री बनाइयो। नयाँ नेतृत्व र केही नीतिगत परिवर्तनले दललाई अझ लोकप्रिय बनाउने अपेक्षा गरिएको थियो। तर चुनावमा परिणाम उल्टो आयो। सन् १९९३ को चुनावमा यो दल १६९ सिटबाट घटेर केवल २ सिटमा सीमित भयो। सत्ताको शिखरबाट लगभग शून्यमा झरेको यो घटना विश्वको चुनावी इतिहासमा अद्वितीय मानिन्छ। यस हारको मुख्य कारण नीतिगत अस्पष्टता, आर्थिक असन्तोष र जनतामा बढ्दो अविश्वास थियो। अन्ततः यो दल कमजोर हुँदै २००३ मा अर्को कन्जरभेटिभ दलसँग विलय हुन बाध्य भयो। भारतमा पनि यस्तै ऐतिहासिक राजनीतिक परिवर्तन भएको छ। स्वतन्त्रतापछि भारतमा भारतीय राष्ट्रिय कांग्रेस अत्यन्त शक्तिशाली दल थियो। जवाहरलाल नेहरूको नेतृत्वमा सुरु भएको कांग्रेस शासन लामो समयसम्म निरन्तर चल्यो। तर १९७५ मा प्रधानमन्त्री इन्दिरा गान्धीले देशमा सङ्कटकाल घोषणा गरेपछि राजनीतिक परिस्थिति बदलियो। नागरिक स्वतन्त्रतामा प्रतिबन्ध लगाइयो, विपक्षी नेताहरू जेल हालिए र प्रेसमाथि नियन्त्रण गरियो। यसले जनतामा ठूलो असन्तोष सिर्जना गर्‍यो। जब सन् १९७७ मा चुनाव भयो, जनताले कांग्रेसलाई ऐतिहासिक रूपमा पराजित गरिदिए। इन्दिरा गान्धी आफ्नै निर्वाचन क्षेत्रमा हारिन् र जनता पार्टीको सरकार बन्यो। यस घटनाले अत्यन्त शक्तिशाली दल पनि जनताको असन्तोषबाट बच्न सक्दैन भन्ने देखायो । ऐतिहासिक विरासत, पितापुर्खाको त्याग भन्दैमा त्यसले आम नागरिकको भावनामाथि चोट पुर्‍याउन मिल्दैन । नेपालमा पनि कृष्णप्रसाद भट्टराईको हार, शेखर कोइरालाको हार, खड्गप्रसाद ओलीको हारका अन्तर्यहरू यस्तै यस्तै आन्तरिक कारकहरू हुन्। भारतको कम्युनिस्ट आन्दोलनमा पनि यस्तै परिवर्तन आएको छ। पश्चिम बंगालमा कम्युनिस्ट पार्टी (मार्क्सवादी) नेतृत्वको वाममोर्चाले सन् १९७७ देखि २०११ सम्म लगातार ३४ वर्ष शासन गर्‍यो। यो विश्वकै लामो लोकतान्त्रिक वाम शासनमध्ये एक मानिन्छ। प्रारम्भिक वर्षहरूमा भूमिसुधार, किसान अधिकार र स्थानीय शासनलाई सुदृढ बनाउने नीति अत्यन्त लोकप्रिय बनेका थिए। तर समयसँगै समस्याहरू बढ्न थाले। प्रशासनिक जडता, औद्योगिक विकासको अभाव र किसान आन्दोलनजस्ता घटनाले सरकारविरुद्ध असन्तोष बढायो। विशेषतः सिंगुर र नन्दीग्राममा उद्योग स्थापनाका विषयमा भएको आन्दोलनले वाममोर्चाको लोकप्रियता घटायो। त्यति मात्रै होइन सत्ताको आडमा भएका विकास निर्माणका घोटाला, याचुरीका परिवारवाद, नवधनाढ्य कम्युनिस्ट नामधारीहरूको सत्तामा भएको हालीमुहालीले जनतामा असन्तुष्टि र चरम निराशालाई अरू वृद्धि गरायो। अन्ततः २०११ को चुनावमा ममता बनर्जीको तृणमूल कांग्रेसले वाममोर्चालाई पराजित गर्‍यो। ३४ वर्ष शासन गरेको कम्युनिस्ट सत्ता अचानक समाप्त भयो। बङ्गलादेशको राजनीति पनि चुनावी उतारचढावले भरिएको छ। त्यहाँ मुख्य रूपमा दुई दलहरू—आवामी लिग र बङ्गलादेश नेसनलिस्ट पार्टी (बीएनपी) बीच प्रतिस्पर्धा हुन्छ। सन् १९९० पछि बङ्गलादेशमा चुनावी परिणामहरू पटक–पटक उल्टिएका छन्। कहिले आवामी लिग अत्यन्त बलियो हुन्छ, कहिले बीएनपी सत्तामा आउँछ। सन् २००१ को चुनावमा बीएनपीले ठूलो विजय हासिल गरेको थियो भने २००८ को चुनावमा आवामी लिगले अत्यन्त ठूलो बहुमत प्राप्त गर्‍यो। यसले देखाउँछ कि लोकतन्त्रमा जनताको समर्थन स्थायी हुँदैन। दलहरूले जनताको अपेक्षा पूरा गर्न सकेनन् भने उनीहरूलाई तुरुन्तै अस्वीकार गरिन्छ। यी अन्तर्राष्ट्रिय दृष्टान्तहरूले एउटा स्पष्ट पाठ दिन्छन्- राजनीतिक दलको शक्ति केवल संगठन वा इतिहासमा आधारित हुँदैन, जनताको विश्वासमा आधारित हुन्छ। जब दलहरू आफ्नो सिद्धान्तबाट विचलित हुन्छन् वा व्यवहारमा विश्वासघात गर्छन्, तब उनीहरूको पतन सुरु हुन्छ। नेपालको वर्तमान राजनीतिक परिस्थितिलाई पनि यही दृष्टिकोणबाट हेर्न आवश्यक छ। नेपालमा प्रमुख राजनीतिक शक्तिका रूपमा नेपाली कांग्रेस, नेकपा एमाले, माओवादी केन्द्र र विभिन्न क्षेत्रीय दलहरू रहेका थिए। यी दलहरूले नेपालको लोकतान्त्रिक आन्दोलनमा महत्त्वपूर्ण भूमिका खेलेका पनि हुन्। तर पछिल्लो समय जनतामा ती दलहरूप्रति असन्तोष बढ्दै गएको देखिन्छ। जसले भर्खर गठन भएको रवि लामिछाने नेतृत्वको राष्ट्रिय स्वतन्त्र पार्टी र हर्क साम्पाङ नेतृत्वको श्रम संस्कृति पार्टीमा जनमत केन्द्रित हुन थालेको छ। नेकपा एमाले नेतृत्वको अहङ्कार, दम्भ, मिलन चक्रे, महेश बस्नेत प्रवृत्तिको संरक्षणले उसभित्रको सिद्धान्तहीनता र हुलहुज्जतलाई दिइएको प्रश्रयलाई जनताले मन पराएनन्। उसले प्रवर्द्धन गरेका बतास समूह, यति ओम्नी पक्षपोषण, चियाबगान घोटालाहरूको पर्दाफासले उसको आकार खुम्च्याएर थला पारिदिएका छन्। नेपाली कांग्रेस लोकतान्त्रिक समाजवादको सिद्धान्त बोकेको दल हो तर उसले कहिल्यै समाजवादी अर्थनीति अवलम्बन गरेन। किसान र मजदुरहरूको हितमा उसको कहिल्यै ध्यान गएन। उसका मित्रहरू सधैँ धनाढ्य र नवधनाढ्यहरू मात्रै परिरहे। इतिहासमा यसले प्रजातन्त्र स्थापना र संरक्षणमा महत्त्वपूर्ण भूमिका खेलेको छ। त्यतिबेला योगदान दिएका बीपी कोइराला, गिरिजाप्रसाद कोइराला, गणेशमान सिंह र विमलेन्द्र निधिका सन्तानहरूले सधैँ ‘नेपो बेबी’को सुविधा लिएर सत्ता र शक्तिको केन्द्रमा रहिरहे तर जनमुखी काम कहिल्यै गरेनन्। आफू र आफन्त केन्द्रित बजेट दुरुपयोगका समाचार मात्रै आइरह्यो। त्यसले पछिल्ला वर्षहरूमा कांग्रेसको वैचारिक स्पष्टता कमजोर भएको पुष्टि गर्दछ। आर्थिक नीति, विकास रणनीति र राजनीतिक गठबन्धनका विषयमा स्पष्ट दिशा नदेखिएको प्रस्ट छ। यसले गर्दा जनतामा कांग्रेसप्रति विश्वास कमजोर भएको देखिन्छ। त्यस्तै नेकपा एमाले आफूलाई जनताको बहुदलीय जनवादको वाहक भन्छ। यो सिद्धान्त बहुदलीय लोकतन्त्र र समाजवादी लक्ष्यबीचको समन्वयका रूपमा प्रस्तुत गरिएको थियो। तर व्यवहारमा एमालेले पनि कहिलेकाहीँ आफ्नो वैचारिक दिशामा अस्पष्टता त छँदैछ। राजनीतिक गठबन्धन र रणनीतिमा बारम्बार परिवर्तन हुँदा दलको दीर्घकालीन दृष्टि कमजोर देखिन्छ भन्ने धारणा बनेको छ। माओवादी केन्द्रको अवस्था अझ रोचक छ। सशस्त्र विद्रोहबाट आएको यो दल अहिले संसदीय राजनीतिमा स्थापित भएको छ। तर यसको वैचारिक रूपान्तरण पूर्ण रूपमा स्पष्ट भएको छैन। क्रान्तिकारी आन्दोलनबाट आएको दल संसदीय व्यवस्थामा समायोजन हुँदा आफ्नो पुरानो वैचारिक आधारलाई कसरी रूपान्तरण गर्ने भन्ने चुनौती उसले अझै सामना गरिरहेको देखिन्छ। उसले जेनजी आन्दोलनपछि आफूलाई रूपान्तरण गरेको त भन्छ तर नाम र बोक्राबाहेक केही फेरिएको छैन। नेता उही नीति उही। नेपालको वर्तमान चुनावी वातावरण हेर्दा पनि जनताको मनोविज्ञान परिवर्तन भइरहेको सङ्केत देखिन्छ। स्थानीय तहका चुनावदेखि विभिन्न उपनिर्वाचनसम्म स्वतन्त्र उम्मेदवारहरूको उदयले पुराना दलहरूप्रति असन्तोष बढेको देखाउँछ। विशेषतः युवा पुस्तामा नयाँ राजनीतिक विकल्पको खोजी भइरहेको देखिन्छ। सामाजिक सञ्जालको प्रभाव, पारदर्शिता र सुशासनप्रतिको अपेक्षाले पनि राजनीतिक संस्कृतिमा परिवर्तन ल्याएको छ। यसका साथै गठबन्धन राजनीतिले पनि जनमतलाई प्रभावित पारेको छ। विभिन्न चुनावमा दलहरूले आफ्नो मूल विचारधाराभन्दा फरक दलहरूसँग गठबन्धन गर्दा मतदाताहरूमा भ्रम सिर्जना हुने गरेको छ। उदाहरणका लागि, वामपन्थी र लोकतान्त्रिक दलहरूबीच हुने गठबन्धनले कतिपय मतदाताहरूलाई असहज बनाउने गरेको छ। यस्तो अवस्थामा मतदाताले वैकल्पिक शक्ति खोज्नु स्वाभाविक थियो। नेपालको वर्तमान चुनावी परिदृश्यलाई हेर्दा एउटा सम्भावना स्पष्ट देखिन्छ- प्रमुख भनिएका र अहिले खुम्चिएका दलहरूले समयमै आत्मसमीक्षा गरेनन् भने भविष्यमा उनीहरूमाथि क्यानडाको जस्तै चुनावी परिवर्तन आउन सक्छ। इतिहासले देखाएको छ कि कुनै पनि दल सधैं शक्तिशाली रहँदैन। क्यानडाको पीसीसी, भारतको कांग्रेस, पश्चिम बंगालको कम्युनिस्ट शासन र बङ्गलादेशका दलहरूको अनुभवले यही सन्देश दिन्छ। नयाँ स्थापित भएको राष्ट्रिय स्वतन्त्र पार्टीको जनतामा दरिलो संगठन भएर चुनाव जितेको होइन, न त उसको वैचारिक आदर्शले नै। उसले प्राप्त गरेको यो अभूतपूर्व परिणाम पुराना दलहरूबाट भएको भ्रष्टाचार, अनियमितताको पक्षपोषण, घिनलाग्दो गठबन्धन र अपारदर्शी कार्यशैली र अलोकतान्त्रिक चरित्रकै कारण हो। दलहरू जनताबाट भाग्ने, महाधिवेशन नगर्ने, गरेकाहरूले प्रचण्डको जस्तो नाटक गर्ने, भ्रातृसंस्थाहरूमा स्वतन्त्रता नहुने, नेताहरू हावी हुने र सधैं एकै व्यक्ति सत्तामा टाँसिइरहने घटनाले दलहरूको अस्तित्व समाप्तोन्मुख छ। लोकतन्त्रको सुन्दरता यही हो कि यसले परिवर्तनको अवसर सधैं खुला राख्छ। जनताले आफ्नो अपेक्षा पूरा नगर्ने दललाई अस्वीकार गर्ने अधिकार राख्छन्। त्यसैले राजनीतिक दलहरूले निरन्तर आत्मसमीक्षा गर्दै आफ्नो नीति, नेतृत्व र संगठनलाई सुधार गर्नुपर्छ। नेपालका प्रमुख दलहरूका लागि अहिलेको समय महत्त्वपूर्ण मोड हो। यदि उनीहरूले जनताको अपेक्षालाई गम्भीर रूपमा बुझेर आफ्नो राजनीतिक संस्कृतिमा सुधार ल्याए भने उनीहरू पुनः सुदृढ हुन सक्छन्। तर यदि उनीहरूले विगतका कमजोरीहरूलाई बेवास्ता गरे भने इतिहासले देखाएको जस्तै अचानक ठूलो चुनावी परिवर्तन पनि सम्भव छ। अन्ततः लोकतन्त्रमा स्थायी शक्ति भनेको जनता मात्र हुन्। दलहरू आउँछन् र जान्छन्, तर जनताको निर्णय नै अन्तिम हुन्छ। त्यसैले नेपालको वर्तमान राजनीतिक परिस्थिति केवल दलगत प्रतिस्पर्धा मात्र होइन, लोकतन्त्रको परिपक्वताको पनि परीक्षा हो। इतिहासका अन्तर्राष्ट्रिय दृष्टान्तहरूले नेपालका दलहरूलाई स्पष्ट सन्देश दिएका छन्- सिद्धान्त, पारदर्शिता र जनविश्वासबिना कुनै पनि राजनीतिक शक्ति दीर्घकालीन रूपमा टिक्न सक्दैन। सम्झनुपर्छ कि नीति र नेतृत्व नदी हो, जति बग्दै गयो, जनतामा अभिसिञ्चनको शीतलता छर्दै गयो उति सङ्लो बन्छ, सुकिलिन्छ तर जति जम्यो, फोहोर भयो उति तिरस्कृत बन्दै जान्छ।",https://www.onlinekhabar.com/wp-content/uploads/2026/03/nabinbandhu-pahadi-1024x500.jpg
खेलकुद,वीरगञ्जको नारायणी रंगशालाको पुनर्निर्माण सुरु,"२९ फागुन, वीरगञ्ज । पर्साको वीरगञ्जस्थित नारायणी रंगशालाको मर्मत तथा पुनर्निर्माण कार्य औपचारिक रूपमा सुरु गरिएको छ । रंगशालाको जीर्ण संरचना हटाएर नयाँ निर्माण गर्ने प्रक्रिया आजदेखि सुरु भएको हो । पर्सा जिल्ला खेलकुद विकास समितिका अध्यक्ष दीपककुमार कानुका अनुसार पहिलो चरणमा पुराना र जीर्ण ८८ प्याराफिटहरू डोजर प्रयोग गरेर भत्काउने काम सुरु गरिएको छ । ती संरचना हटाइसकेपछि नयाँ प्याराफिट निर्माण गरिने योजना रहेको उनले बताए । सरकारले चालु आर्थिक वर्ष २०८२/८३ को बजेटमार्फत रंगशालाको पुनर्निर्माणका लागि ४ करोड रुपैयाँ विनियोजन गरेको थियो । उक्त बजेट निकासा भएपछि निर्माण कार्य अघि बढाइएको हो । अध्यक्ष कानुका अनुसार तत्कालीन कानुनमन्त्री अजय चौरसियाको पहलमा तत्कालीन युवा तथा खेलकुदमन्त्री तेजुलाल चौधरीले बजेटमा यो रकम व्यवस्था गरेका थिए । हाल उपलब्ध रकमबाट प्रारम्भिक चरणका काम मात्रै सम्पन्न गरिने बताइएको छ । रंगशालाको पूर्ण मर्मत र स्तरोन्नतिका लागि भने थप बजेट आवश्यक पर्ने अध्यक्ष कानुले जानकारी दिए । पहिलो चरणको निर्माण पूरा भएपछि नेपाल सरकार र युवा तथा खेलकुद मन्त्रालयसँग थप बजेट माग गर्ने तयारी गरिएको छ । त्यस्तै मधेश प्रदेश सरकारले पनि चालु आर्थिक वर्षको नीति तथा कार्यक्रममा नारायणी रंगशालालाई अन्तर्राष्ट्रिय स्तरको रंगशाला बनाउने लक्ष्य उल्लेख गरेको छ । त्यसैले प्रदेश सरकारबाट पनि थप आर्थिक सहयोगका लागि पहल गरिने योजना छ । करिब ३५ हजार दर्शक क्षमता रहेको नारायणी रंगशाला लामो समयदेखि मर्मत अभावका कारण जीर्ण अवस्थामा पुगेको थियो । विगतमा यहाँ राष्ट्रियस्तरका विभिन्न खेलकुद प्रतियोगिता आयोजना हुने गरे पनि पछिल्ला वर्षहरूमा संरचना कमजोर भएपछि ठूला प्रतियोगिता सञ्चालन हुन सकेका थिएनन् । खेलाडी र खेलप्रेमीहरूले झन्डै एक दशकदेखि रंगशालाको पुनर्निर्माणको माग गर्दै दबाबमूलक आन्दोलन गर्दै आएका थिए । संघीय र प्रदेश संसदमा पनि यो विषय पटक–पटक उठ्दै आएको थियो । नारायणी रंगशालाको इतिहास हेर्दा, २०३८ सालमा तत्कालीन अञ्चलाधीश लक्ष्यबहादुर गुरुङको पहलमा १७ बिघा १० कट्ठा जग्गा खरिद गरी यसको योजना अघि बढाइएको थियो । २०४२ सालमा निर्माण सम्पन्न भएको रंगशालाको उद्घाटन तत्कालीन राजा वीरेन्द्र शाहले गरेका थिए ।",https://www.onlinekhabar.com/wp-content/uploads/2026/03/Narayani-ranghashala-scaled.png
